home_team,away_team,home_possession,away_possession,home_xg,away_xg,home_shots_per_ninety,away_shots_per_ninety,home_pass_accuracy,away_pass_accuracy,home_form,away_form,h2h_home_win_rate,h2h_draw_rate,h2h_away_win_rate,home_injuries,away_injuries,home_advantage,goal_difference_average,result
Chelsea,Man City,60.2,39.8,1.06,0.61,9.4,14.6,82.9,81.0,0.87,0.72,0.22,0.28,0.5,4,1,1.22,1.16,H 
Wolves,Brighton,51.5,48.5,1.14,2.21,18.6,7.1,80.5,74.1,1.27,2.26,0.15,0.21,0.64,2,2,1.1,1.63,A
Everton,Burnley,41.7,58.3,2.62,0.47,12.1,13.2,89.7,76.0,1.22,0.66,0.43,0.33,0.24,0,1,1.37,-0.29,H
Everton,Fulham,42.9,57.1,1.32,1.77,17.8,13.9,73.4,82.0,1.98,1.06,0.33,0.18,0.49,5,5,1.06,1.08,H
Arsenal,Brighton,62.7,37.3,2.35,1.18,8.9,16.9,83.3,83.8,1.27,1.65,0.54,0.29,0.17,1,2,0.64,1.35,H
Burnley,Aston Villa,60.4,39.6,1.49,1.58,13.1,18.0,74.8,78.9,2.46,2.48,0.18,0.15,0.67,5,3,1.1,-0.27,D
Luton,Everton,53.9,46.1,2.73,2.19,8.2,14.4,85.6,79.8,1.39,1.97,0.16,0.23,0.61,3,0,1.45,1.94,H
Aston Villa,Bournemouth,60.9,39.1,1.67,0.53,16.8,15.9,82.2,72.4,1.62,0.87,0.58,0.38,0.04,0,4,0.82,-1.91,H
Fulham,West Ham,45.2,54.8,1.05,1.55,9.1,14.5,88.3,89.5,1.97,0.79,0.43,0.38,0.19,1,2,1.03,0.73,D
Newcastle,Burnley,60.7,39.3,2.09,1.87,13.6,13.7,79.5,87.8,1.79,1.07,0.13,0.11,0.76,4,1,1.09,-1.97,H
Arsenal,Brighton,40.0,60.0,0.57,1.03,15.2,8.6,81.7,79.9,2.39,2.53,0.39,0.17,0.44,3,3,0.69,-1.56,A
Wolves,Fulham,50.7,49.3,1.57,1.9,17.4,17.8,74.0,76.9,1.55,2.48,0.22,0.16,0.62,3,1,0.92,-0.75,A
Brighton,Liverpool,51.3,48.7,2.48,1.51,8.7,18.0,88.7,89.3,2.84,2.45,0.18,0.25,0.57,1,3,1.4,-1.26,H
Man City,Crystal Palace,46.0,54.0,2.3,1.3,13.9,17.4,91.9,80.2,2.38,0.86,0.25,0.39,0.36,4,5,1.04,1.37,D
Arsenal,Luton,55.5,44.5,1.66,2.18,10.2,17.5,73.6,72.1,2.11,2.05,0.22,0.14,0.64,4,1,1.08,-1.82,A
Liverpool,Wolves,57.7,42.3,1.8,1.0,11.7,13.7,78.3,73.8,1.09,1.98,0.33,0.38,0.29,0,0,0.96,2.49,D
Chelsea,Liverpool,54.1,45.9,1.66,0.59,12.9,5.9,76.9,74.3,1.76,1.75,0.25,0.4,0.35,5,4,0.51,1.68,D
West Ham,Chelsea,66.2,33.8,0.81,0.55,9.5,12.2,77.4,81.3,2.38,0.97,0.42,0.18,0.4,3,2,1.41,1.81,H
Liverpool,Wolves,62.9,37.1,0.6,1.03,9.8,17.7,75.2,77.7,2.35,1.79,0.16,0.38,0.46,5,1,1.05,1.76,D
Sheffield United,Burnley,42.4,57.6,0.79,0.98,20.6,15.3,89.2,87.8,1.26,1.07,0.15,0.33,0.52,3,4,1.25,2.17,A
Brighton,Man United,67.3,32.7,2.36,2.24,8.3,14.6,78.6,88.5,2.56,2.49,0.51,0.18,0.31,5,0,0.88,-1.83,H
Nottm Forest,Brighton,44.0,56.0,2.61,1.07,19.5,16.3,76.5,82.5,1.68,1.14,0.13,0.33,0.54,2,5,1.01,1.06,H
Burnley,Brentford,66.2,33.8,0.77,2.43,10.5,17.5,77.3,70.4,1.76,2.18,0.26,0.28,0.46,4,0,0.89,0.59,A
Aston Villa,Arsenal,59.3,40.7,0.5,2.34,15.5,14.4,86.8,82.8,1.6,0.66,0.43,0.2,0.37,2,5,1.35,1.24,A
West Ham,Bournemouth,47.3,52.7,1.44,1.19,12.1,6.7,80.4,88.7,2.29,2.58,0.41,0.19,0.4,4,0,0.8,-1.05,A
Sheffield United,Brentford,51.9,48.1,1.52,0.77,14.6,16.7,87.9,71.7,0.99,1.69,0.42,0.2,0.38,1,5,0.81,1.63,H
Tottenham,Man City,39.4,60.6,2.76,1.64,18.8,10.9,89.7,80.7,2.38,1.38,0.3,0.14,0.56,5,0,1.39,1.87,D
Chelsea,Wolves,44.6,55.4,2.35,1.83,14.5,12.2,90.3,70.7,1.09,1.57,0.37,0.27,0.36,2,3,1.11,1.24,H
Bournemouth,Wolves,62.9,37.1,1.76,2.27,18.4,11.2,77.2,73.4,2.2,2.26,0.36,0.29,0.35,2,3,0.58,-0.71,D
Aston Villa,Brentford,47.6,52.4,1.74,0.6,11.2,14.0,86.1,69.4,1.7,1.75,0.31,0.16,0.53,3,3,1.4,0.63,H
Man City,Sheffield United,49.4,50.6,0.51,1.07,18.5,16.1,91.1,77.2,2.44,1.76,0.4,0.17,0.43,1,2,0.94,-1.87,A
Brentford,Crystal Palace,59.7,40.3,2.43,2.32,21.7,11.9,90.1,81.0,2.26,0.69,0.31,0.36,0.33,1,0,0.76,-0.53,H
Everton,Brentford,48.1,51.9,2.52,0.91,21.3,10.5,88.7,78.3,2.45,0.62,0.58,0.17,0.25,0,5,0.54,-1.86,H
Brighton,Newcastle,63.2,36.8,1.93,0.82,14.6,6.5,91.0,78.2,1.36,1.35,0.4,0.39,0.21,5,0,1.28,-1.26,D
West Ham,Chelsea,55.4,44.6,2.64,1.57,20.7,9.9,90.8,72.4,2.1,2.41,0.22,0.31,0.47,2,5,1.1,-1.46,H
Sheffield United,Arsenal,48.4,51.6,1.49,1.12,15.1,9.4,89.0,86.1,1.03,2.71,0.42,0.35,0.23,5,1,0.94,1.3,A
Aston Villa,Burnley,61.2,38.8,1.57,2.12,16.3,9.2,76.9,88.6,1.41,1.54,0.48,0.27,0.25,5,3,0.84,0.22,D
Brentford,Man United,52.6,47.4,1.32,0.87,11.9,12.8,89.6,80.2,1.94,0.94,0.22,0.22,0.56,4,1,1.19,0.91,A
Nottm Forest,Everton,61.8,38.2,0.71,0.79,17.7,9.0,83.6,78.4,1.97,1.48,0.47,0.2,0.33,5,3,0.77,-0.87,A
Chelsea,Newcastle,47.5,52.5,2.21,2.39,17.7,7.5,86.8,74.1,2.1,2.25,0.4,0.39,0.21,1,2,0.73,-1.19,D
Man City,Burnley,41.8,58.2,0.6,0.42,12.1,17.3,84.8,84.6,1.03,0.53,0.24,0.24,0.52,2,1,1.47,-0.86,H
Nottm Forest,Chelsea,62.7,37.3,1.42,0.46,16.8,5.7,75.0,80.4,1.47,2.79,0.16,0.33,0.51,4,4,1.29,-0.98,H
Bournemouth,Crystal Palace,51.5,48.5,1.52,2.19,21.9,9.0,84.4,81.4,2.43,2.68,0.2,0.16,0.64,5,0,0.66,-1.22,A
Liverpool,Man United,38.1,61.9,1.54,1.61,12.1,8.0,86.1,83.5,1.8,2.08,0.56,0.34,0.1,5,4,1.16,2.2,D
Wolves,Chelsea,54.3,45.7,1.99,2.3,19.6,5.9,75.3,74.8,2.45,1.81,0.24,0.14,0.62,5,2,1.2,2.24,A
Bournemouth,Burnley,52.8,47.2,0.69,0.39,14.0,9.2,77.0,70.0,2.92,2.42,0.39,0.39,0.22,5,2,1.08,1.43,D
Man United,Nottm Forest,53.6,46.4,1.52,0.91,22.0,10.7,88.3,89.3,1.83,1.44,0.26,0.13,0.61,1,2,0.91,0.23,D
Crystal Palace,Burnley,39.1,60.9,0.7,0.86,9.6,15.0,89.3,86.1,0.8,2.5,0.33,0.12,0.55,4,2,1.12,0.24,D
Everton,Arsenal,44.1,55.9,1.76,2.34,14.1,14.1,74.4,89.4,2.14,1.05,0.18,0.27,0.55,4,3,0.59,2.47,D
Chelsea,Everton,66.4,33.6,1.99,0.64,21.1,8.8,86.1,77.1,1.86,1.59,0.33,0.14,0.53,1,4,1.01,1.96,H
Liverpool,Aston Villa,61.2,38.8,2.47,1.05,19.0,8.5,72.1,84.0,2.64,1.83,0.43,0.36,0.21,3,4,0.98,-0.5,H
Burnley,Crystal Palace,51.7,48.3,1.24,0.72,17.8,12.4,76.7,85.1,0.9,2.21,0.45,0.34,0.21,3,5,1.29,0.93,D
Tottenham,Nottm Forest,66.9,33.1,0.79,2.42,12.6,6.3,88.9,70.2,2.8,0.54,0.17,0.36,0.47,1,0,0.97,2.36,D
Brentford,Crystal Palace,57.5,42.5,2.46,2.18,20.0,9.9,78.3,83.8,2.47,2.51,0.12,0.12,0.76,5,5,1.42,2.49,H
Liverpool,Wolves,67.4,32.6,2.25,1.85,9.4,7.2,78.0,68.6,1.51,0.63,0.28,0.23,0.49,1,4,0.91,1.07,H
Man United,Luton,43.3,56.7,1.9,1.14,17.6,11.5,83.7,73.1,2.2,1.56,0.43,0.37,0.2,3,2,1.18,-1.29,H
Everton,Fulham,67.6,32.4,1.19,2.42,17.7,10.9,78.0,90.0,2.68,0.75,0.29,0.21,0.5,2,5,0.8,2.4,H
Crystal Palace,Aston Villa,38.2,61.8,2.49,2.01,21.6,16.8,86.9,86.3,2.79,2.28,0.22,0.34,0.44,1,5,0.69,-0.87,D
Tottenham,Chelsea,65.1,34.9,1.99,0.98,14.2,12.5,86.6,70.0,1.45,2.22,0.19,0.14,0.67,4,2,1.03,2.11,H
Man United,Aston Villa,65.4,34.6,2.67,2.43,12.1,16.3,88.1,78.3,0.97,2.23,0.21,0.3,0.49,5,3,1.47,1.62,H
Fulham,Liverpool,61.7,38.3,0.53,1.48,14.4,13.7,85.4,80.9,2.61,2.66,0.15,0.17,0.68,0,4,1.38,0.53,D
Luton,Brighton,57.4,42.6,1.96,1.32,17.8,13.4,74.3,69.0,0.88,2.79,0.16,0.17,0.67,4,1,0.89,-0.33,D
Burnley,Wolves,55.6,44.4,2.17,2.25,17.2,15.8,84.3,88.7,1.42,2.09,0.21,0.23,0.56,1,2,0.6,1.09,A
Burnley,Fulham,39.8,60.2,1.13,2.43,21.3,15.7,73.8,72.7,2.21,2.73,0.13,0.2,0.67,1,4,0.71,1.73,A
Burnley,Newcastle,55.6,44.4,2.37,0.81,18.8,15.3,83.9,74.1,2.96,2.77,0.37,0.34,0.29,0,5,1.37,-1.41,H
Fulham,Brighton,55.7,44.3,0.54,0.88,9.8,10.5,74.3,69.4,1.79,1.33,0.4,0.24,0.36,1,4,0.54,1.52,H
Bournemouth,West Ham,51.7,48.3,2.72,0.43,14.7,10.2,85.7,78.8,2.8,0.67,0.14,0.28,0.58,0,1,0.78,0.85,H
Burnley,Brentford,49.4,50.6,1.87,0.95,15.1,10.6,87.9,70.5,2.24,2.52,0.38,0.36,0.26,3,3,1.39,-0.14,H
Everton,Crystal Palace,50.5,49.5,0.72,1.24,17.3,9.9,75.1,88.3,0.95,2.41,0.15,0.13,0.72,5,2,1.31,0.5,D
Sheffield United,Burnley,54.9,45.1,2.04,1.2,20.2,17.2,80.5,88.1,0.91,1.16,0.26,0.13,0.61,4,1,0.65,0.17,D
Chelsea,Fulham,63.4,36.6,1.35,1.98,16.0,15.5,88.9,89.4,2.6,1.91,0.42,0.11,0.47,5,5,0.77,-1.19,D
West Ham,Brentford,48.5,51.5,0.92,0.62,17.2,5.9,86.8,89.4,1.0,1.72,0.29,0.24,0.47,1,2,0.81,-0.54,H
Sheffield United,Liverpool,64.5,35.5,0.86,1.96,8.7,6.1,80.9,77.3,2.14,1.45,0.21,0.25,0.54,2,3,0.61,1.05,D
Sheffield United,Nottm Forest,53.8,46.2,1.21,0.79,21.8,5.7,76.1,88.8,2.49,2.26,0.24,0.14,0.62,3,5,0.93,-1.42,H
Burnley,Brighton,53.0,47.0,2.42,2.07,9.0,16.2,72.8,68.4,2.83,2.48,0.39,0.27,0.34,5,5,0.92,-1.48,A
Man City,Brentford,43.2,56.8,2.68,1.31,17.7,9.7,80.7,70.3,1.76,1.42,0.14,0.36,0.5,5,2,0.72,1.51,H
Liverpool,Bournemouth,57.0,43.0,1.72,0.73,18.9,9.6,91.2,82.2,1.12,0.74,0.23,0.15,0.62,1,5,0.58,2.28,H
Nottm Forest,Everton,60.6,39.4,2.25,1.29,20.9,12.3,84.7,81.7,2.7,1.94,0.18,0.12,0.7,3,5,0.8,-0.76,H
Arsenal,Fulham,53.2,46.8,1.21,1.29,8.8,15.8,73.5,87.0,2.68,1.91,0.35,0.24,0.41,4,5,1.4,0.02,H
Sheffield United,Newcastle,47.6,52.4,1.59,0.63,8.9,6.3,90.0,75.6,2.37,1.66,0.19,0.17,0.64,3,3,1.02,0.74,A
Fulham,Luton,65.5,34.5,1.39,2.0,17.5,5.7,84.6,75.4,1.53,1.78,0.29,0.18,0.53,5,4,1.37,-0.5,D
Sheffield United,Tottenham,65.5,34.5,1.21,1.74,17.3,6.7,86.2,69.9,2.03,1.98,0.26,0.14,0.6,5,5,1.5,2.11,H
Liverpool,Wolves,53.3,46.7,0.54,0.98,21.3,9.4,87.3,72.2,3.0,0.86,0.25,0.34,0.41,4,4,1.34,1.98,H
Arsenal,Brentford,64.3,35.7,1.92,1.61,10.2,7.4,85.9,81.7,2.79,2.16,0.12,0.21,0.67,5,1,1.47,0.75,D
Everton,Brighton,54.0,46.0,1.21,2.08,14.6,15.9,79.4,88.8,2.97,1.56,0.24,0.21,0.55,4,3,1.47,1.68,D
Luton,Tottenham,64.2,35.8,0.62,1.36,13.2,17.1,86.2,79.4,1.07,0.69,0.18,0.23,0.59,4,1,1.33,-1.59,A
Brighton,Everton,64.5,35.5,2.64,1.21,13.6,9.9,79.7,69.8,1.29,1.23,0.15,0.31,0.54,2,1,0.64,-0.71,H
Nottm Forest,Tottenham,60.8,39.2,1.58,1.65,20.7,5.2,76.3,71.3,2.87,1.9,0.31,0.33,0.36,1,2,0.62,-0.93,H
Luton,Everton,39.9,60.1,2.42,1.4,15.5,13.2,83.5,83.8,1.44,0.5,0.28,0.27,0.45,1,5,1.17,0.36,H
Fulham,Liverpool,66.6,33.4,1.75,2.03,15.1,5.3,89.5,69.0,1.65,1.36,0.47,0.21,0.32,0,2,0.74,0.96,H
Chelsea,Sheffield United,60.1,39.9,1.26,0.4,15.6,15.6,75.5,85.1,1.82,2.1,0.42,0.34,0.24,0,5,1.28,0.06,H
West Ham,Newcastle,39.3,60.7,0.96,0.39,21.1,11.7,91.8,79.9,1.36,2.23,0.2,0.21,0.59,0,5,0.83,-1.44,H
Fulham,Wolves,64.7,35.3,2.21,2.27,13.4,17.7,81.9,78.9,2.83,1.69,0.5,0.32,0.18,0,3,1.1,1.7,H
Burnley,West Ham,47.6,52.4,0.68,1.75,12.3,12.8,80.5,83.2,1.57,0.6,0.54,0.21,0.25,3,2,1.14,1.56,D
Arsenal,Liverpool,58.1,41.9,1.43,1.43,18.5,7.1,72.6,86.7,2.29,1.51,0.16,0.17,0.67,5,2,0.86,2.27,D
Arsenal,Tottenham,58.4,41.6,2.68,1.12,18.7,12.5,82.6,76.8,2.23,1.07,0.16,0.32,0.52,3,4,0.89,0.53,D
Aston Villa,Luton,59.1,40.9,0.99,1.65,17.7,18.0,76.0,71.0,0.96,0.9,0.46,0.4,0.14,5,2,1.17,1.19,D
Burnley,Luton,46.7,53.3,1.19,0.65,17.9,14.1,75.5,76.0,1.29,2.77,0.5,0.17,0.33,3,0,0.86,0.58,D
Everton,Burnley,41.9,58.1,2.53,0.44,13.6,14.3,81.6,77.0,1.7,1.82,0.16,0.2,0.64,0,3,0.97,0.33,H
Tottenham,Burnley,57.2,42.8,0.92,2.43,14.1,16.8,73.1,70.7,1.14,0.88,0.26,0.31,0.43,2,4,1.39,1.81,D
Aston Villa,Newcastle,57.1,42.9,1.77,0.58,12.2,11.9,82.1,71.7,2.87,0.85,0.43,0.32,0.25,4,2,1.34,0.54,D
Man City,Liverpool,39.4,60.6,1.98,1.57,17.1,15.0,80.3,82.1,1.9,1.94,0.24,0.39,0.37,3,1,1.3,1.08,D
West Ham,Everton,40.2,59.8,0.64,1.27,14.8,7.7,84.1,74.9,2.38,2.19,0.53,0.39,0.08,1,2,1.01,-1.52,A
Brighton,Everton,41.7,58.3,1.53,0.61,8.7,17.3,89.3,77.2,2.92,2.58,0.51,0.38,0.11,5,2,0.69,-1.28,A
Bournemouth,Everton,53.0,47.0,1.21,0.35,21.2,11.6,91.3,72.7,1.58,0.62,0.35,0.36,0.29,5,5,0.97,0.42,H
Chelsea,Wolves,42.0,58.0,1.11,1.1,13.6,5.6,73.0,80.4,1.6,1.16,0.29,0.24,0.47,4,2,1.33,0.8,D
Luton,Chelsea,41.9,58.1,0.72,1.12,21.8,12.3,79.3,71.2,2.13,1.42,0.12,0.11,0.77,5,2,1.3,0.34,H
Tottenham,Bournemouth,42.2,57.8,2.64,1.0,13.5,13.0,88.9,81.1,1.92,1.67,0.34,0.27,0.39,3,0,0.87,1.03,H
Wolves,Sheffield United,47.2,52.8,2.57,2.22,16.8,12.8,77.3,82.4,2.94,1.83,0.21,0.12,0.67,3,1,1.02,1.25,H
Crystal Palace,Tottenham,62.6,37.4,1.06,1.56,17.8,7.5,80.8,77.2,1.71,0.97,0.35,0.28,0.37,3,5,1.23,1.18,H
Bournemouth,Newcastle,54.8,45.2,2.8,1.35,13.3,17.4,81.2,79.7,2.0,2.05,0.53,0.3,0.17,5,2,1.11,-1.13,A
Brighton,Aston Villa,54.7,45.3,1.02,2.44,12.2,8.8,76.1,83.5,1.5,1.3,0.57,0.34,0.09,2,2,0.62,1.04,D
Crystal Palace,Luton,62.6,37.4,2.7,2.07,12.1,8.7,86.3,75.6,1.77,1.09,0.34,0.16,0.5,4,2,1.43,1.13,H
Tottenham,Chelsea,56.5,43.5,1.85,0.83,17.4,11.9,84.8,69.2,1.71,2.15,0.15,0.33,0.52,0,4,1.48,-1.29,H
Nottm Forest,Luton,57.5,42.5,2.24,0.93,12.0,5.8,87.4,82.4,1.31,2.2,0.53,0.11,0.36,1,3,1.38,-1.21,H
Arsenal,Crystal Palace,61.6,38.4,0.93,1.95,20.2,8.8,72.7,74.6,2.13,2.64,0.27,0.24,0.49,5,4,1.02,2.0,D
Tottenham,Bournemouth,52.0,48.0,0.94,0.55,10.3,11.0,77.1,72.1,2.42,2.32,0.38,0.33,0.29,1,4,1.36,2.04,H
Wolves,Bournemouth,47.8,52.2,1.42,0.51,21.7,11.2,90.7,68.2,1.64,1.53,0.23,0.2,0.57,4,5,1.07,-0.82,A
Fulham,Brighton,39.9,60.1,0.77,0.97,13.7,11.5,89.9,83.5,1.48,0.77,0.56,0.19,0.25,4,1,0.72,-1.4,D
Tottenham,Everton,60.4,39.6,1.89,1.21,15.7,11.1,82.8,82.6,1.28,1.07,0.48,0.36,0.16,0,4,0.95,1.17,H
Liverpool,Sheffield United,41.4,58.6,2.41,2.29,10.8,12.0,75.3,86.8,1.77,2.06,0.46,0.25,0.29,4,3,1.31,0.04,D
Bournemouth,Wolves,51.7,48.3,0.63,1.32,19.3,14.4,79.9,86.0,2.44,1.83,0.12,0.2,0.68,0,4,1.49,2.21,D
Liverpool,Nottm Forest,39.0,61.0,1.44,1.99,18.7,17.7,84.9,77.2,2.98,1.38,0.53,0.37,0.1,3,0,1.18,0.98,H
Burnley,Tottenham,57.6,42.4,1.3,0.69,15.5,11.9,86.6,72.9,0.81,0.55,0.25,0.3,0.45,4,3,1.03,1.71,D
Brighton,Everton,48.4,51.6,1.13,2.36,18.2,6.5,88.2,77.2,2.49,2.53,0.11,0.16,0.73,0,4,0.53,0.69,D
Arsenal,Brighton,60.2,39.8,1.43,0.82,11.0,16.2,73.1,79.1,1.44,2.38,0.47,0.2,0.33,4,5,1.32,-0.93,H
Tottenham,Bournemouth,44.6,55.4,1.19,0.43,21.3,16.4,90.2,81.8,1.74,1.64,0.59,0.38,0.03,5,3,1.29,-0.57,A
Wolves,Luton,42.5,57.5,1.37,1.96,14.6,16.0,78.0,83.6,2.57,2.6,0.38,0.39,0.23,4,4,0.63,-0.91,A
Newcastle,Brentford,57.4,42.6,2.62,2.16,9.3,14.4,75.8,73.9,2.28,1.89,0.54,0.16,0.3,4,5,1.17,-1.02,H
Newcastle,Brentford,47.1,52.9,2.59,0.77,10.7,14.6,86.9,84.6,2.81,2.1,0.45,0.22,0.33,1,4,0.82,-0.73,H
Everton,Burnley,57.5,42.5,1.21,1.09,20.4,11.1,88.1,83.9,2.48,1.24,0.2,0.19,0.61,0,4,1.36,1.34,D
Man City,Aston Villa,54.6,45.4,1.84,1.88,12.1,7.6,76.6,80.5,1.34,1.77,0.57,0.2,0.23,3,5,1.14,0.21,D
Man United,Fulham,43.1,56.9,2.16,1.37,20.8,12.0,84.8,69.3,0.87,2.45,0.57,0.3,0.13,0,3,0.64,0.84,A
Liverpool,Tottenham,38.3,61.7,1.66,1.12,16.6,13.7,84.3,78.6,1.87,0.52,0.38,0.1,0.52,4,5,0.77,2.4,H
Man City,Bournemouth,62.4,37.6,2.05,2.07,20.7,6.4,73.9,71.3,1.22,1.71,0.51,0.18,0.31,3,0,0.87,-0.17,A
Sheffield United,Brighton,67.7,32.3,1.02,1.8,19.9,13.5,89.2,84.7,1.01,1.37,0.38,0.12,0.5,0,5,0.67,0.25,H
Wolves,Brentford,55.0,45.0,2.47,0.51,15.4,5.6,76.2,87.1,2.75,1.59,0.12,0.12,0.76,2,4,1.06,-1.85,H
Brentford,Man City,66.8,33.2,1.85,1.95,18.0,10.2,73.5,71.6,1.33,2.42,0.29,0.37,0.34,2,3,1.26,-1.37,D
Liverpool,Bournemouth,60.4,39.6,1.3,0.51,11.3,6.0,84.1,81.5,2.11,2.73,0.26,0.29,0.45,3,3,0.73,0.49,H
Crystal Palace,Wolves,43.6,56.4,1.85,1.14,18.8,8.8,76.9,69.6,1.39,1.37,0.49,0.15,0.36,3,2,0.86,-1.59,A
West Ham,Everton,48.8,51.2,1.12,0.59,10.6,10.8,83.1,77.0,0.86,1.31,0.15,0.28,0.57,2,3,0.51,-0.14,D
Liverpool,Burnley,65.2,34.8,2.75,1.56,10.4,9.9,74.8,74.6,1.88,0.65,0.32,0.23,0.45,3,0,0.86,2.25,H
Nottm Forest,Newcastle,51.7,48.3,0.81,0.31,13.5,15.9,79.6,87.0,1.77,1.49,0.51,0.3,0.19,4,1,0.8,0.71,A
Newcastle,Nottm Forest,47.4,52.6,2.72,2.43,12.1,14.0,81.8,80.7,1.33,1.36,0.51,0.22,0.27,0,4,0.7,2.49,H
Man United,Burnley,38.8,61.2,2.17,2.37,10.9,15.4,88.6,69.5,2.67,2.33,0.44,0.14,0.42,2,1,0.75,-1.31,D
Wolves,Crystal Palace,40.2,59.8,2.78,1.35,13.6,11.6,90.4,83.2,2.0,2.32,0.28,0.37,0.35,4,4,1.14,-1.62,H
Brighton,Fulham,43.0,57.0,1.91,1.54,17.0,13.4,91.3,75.3,2.55,0.74,0.15,0.17,0.68,5,4,1.06,1.09,D
Brighton,Everton,49.2,50.8,1.57,1.8,17.7,7.0,92.0,78.6,1.45,2.62,0.14,0.35,0.51,5,1,0.85,-0.46,A
Newcastle,Bournemouth,52.5,47.5,1.6,1.26,17.8,9.1,78.0,85.8,1.05,2.45,0.42,0.3,0.28,1,5,0.74,-1.21,D
Man United,Brentford,54.8,45.2,2.7,0.81,13.7,7.4,84.8,77.5,0.86,1.91,0.2,0.28,0.52,3,0,1.2,-1.07,H
Liverpool,Sheffield United,41.1,58.9,2.51,0.71,12.6,10.9,77.2,87.0,1.96,1.97,0.4,0.28,0.32,4,0,0.85,1.8,H
Luton,Man United,62.4,37.6,2.12,0.95,16.6,6.1,74.7,70.6,1.47,0.92,0.45,0.25,0.3,3,4,0.64,-0.27,H
Man United,Nottm Forest,57.1,42.9,2.09,1.72,22.0,12.2,81.8,71.1,1.49,1.54,0.13,0.21,0.66,0,3,0.64,1.67,D
Burnley,Bournemouth,57.6,42.4,1.44,1.38,17.9,10.8,75.3,80.4,2.55,1.01,0.12,0.17,0.71,2,1,1.28,0.55,H
Nottm Forest,Burnley,53.3,46.7,1.82,0.89,15.6,17.9,82.8,84.6,2.47,1.52,0.21,0.23,0.56,5,5,1.25,-0.66,H
Arsenal,Everton,45.9,54.1,2.48,0.49,20.1,6.5,88.2,72.6,2.42,2.09,0.53,0.28,0.19,3,1,1.12,1.53,H
Newcastle,Arsenal,55.1,44.9,1.72,1.61,10.4,17.7,77.9,80.6,2.9,1.68,0.55,0.34,0.11,1,3,1.42,2.47,H
Tottenham,Luton,45.5,54.5,2.14,2.12,18.7,13.8,81.8,80.7,1.39,1.45,0.33,0.29,0.38,0,3,1.02,-0.75,D
Fulham,Everton,66.5,33.5,1.25,0.31,18.8,14.5,86.6,78.1,2.26,1.32,0.13,0.26,0.61,1,3,1.32,0.23,H
Brentford,West Ham,48.1,51.9,1.83,1.55,14.8,9.5,85.7,69.1,1.02,2.3,0.33,0.14,0.53,1,3,0.96,2.46,H
Wolves,Newcastle,67.9,32.1,2.59,2.24,12.2,16.4,89.5,70.1,1.59,0.69,0.43,0.29,0.28,0,3,1.13,1.27,H
Brighton,Wolves,57.7,42.3,2.12,0.3,14.7,6.7,76.5,83.0,0.82,2.1,0.51,0.4,0.09,3,5,0.63,-1.68,H
Crystal Palace,Liverpool,59.9,40.1,0.74,0.99,20.3,6.8,87.5,84.6,1.09,2.78,0.17,0.26,0.57,0,4,1.15,-0.02,H
Newcastle,Tottenham,65.6,34.4,1.92,1.27,11.0,16.7,74.8,70.7,2.41,1.31,0.31,0.34,0.35,1,2,1.14,-0.88,H
Luton,West Ham,61.4,38.6,2.09,2.17,17.2,8.9,82.4,79.2,2.45,1.18,0.13,0.37,0.5,1,3,0.89,-0.92,H
Luton,Liverpool,53.8,46.2,2.75,2.47,21.1,6.7,89.2,80.5,1.6,2.07,0.48,0.39,0.13,0,0,1.09,-1.94,D
Newcastle,Arsenal,65.7,34.3,2.68,1.18,12.0,14.3,87.3,77.3,1.69,1.97,0.37,0.15,0.48,0,2,0.58,2.14,H
Tottenham,Burnley,47.8,52.2,1.85,1.98,17.1,13.4,78.2,77.6,2.9,1.05,0.22,0.38,0.4,0,3,1.11,-1.75,H
Man United,Chelsea,38.4,61.6,0.82,0.32,14.9,9.5,82.3,86.1,1.37,1.36,0.47,0.36,0.17,5,0,1.27,-1.87,A
Wolves,Aston Villa,53.7,46.3,1.1,2.45,16.8,11.4,82.2,69.2,2.69,0.88,0.18,0.33,0.49,4,5,1.22,-0.97,A
Bournemouth,Man City,39.3,60.7,2.48,0.84,14.6,10.0,75.0,88.5,2.69,1.77,0.56,0.32,0.12,3,1,0.82,-0.13,D
Brentford,Aston Villa,62.8,37.2,1.81,0.56,17.4,5.7,76.5,79.3,0.9,1.42,0.54,0.36,0.1,2,2,0.59,0.06,D
Fulham,Newcastle,46.7,53.3,2.3,1.93,11.4,9.8,91.4,90.0,2.51,2.18,0.37,0.34,0.29,1,0,1.43,-1.89,D
Burnley,Fulham,57.1,42.9,2.09,0.32,12.7,14.9,79.5,84.2,1.48,0.97,0.59,0.23,0.18,0,1,1.21,-1.58,H
Brighton,Bournemouth,50.4,49.6,2.56,1.31,18.5,12.6,82.1,82.0,1.67,1.86,0.13,0.3,0.57,1,1,0.79,1.83,H
Crystal Palace,Brentford,47.5,52.5,1.13,0.46,10.8,15.1,83.7,71.4,1.16,1.57,0.3,0.26,0.44,1,3,0.81,-0.81,H
Chelsea,Liverpool,42.7,57.3,2.08,2.12,17.8,5.5,88.7,75.2,1.0,1.07,0.28,0.25,0.47,5,2,0.76,2.46,D
Man City,Crystal Palace,63.6,36.4,1.78,1.51,9.3,6.3,87.9,70.7,0.94,2.3,0.21,0.16,0.63,3,2,1.19,2.22,H
Liverpool,Sheffield United,55.6,44.4,2.61,0.46,22.0,7.6,84.9,85.8,1.0,2.45,0.5,0.14,0.36,3,0,0.67,0.58,D
Crystal Palace,Nottm Forest,38.9,61.1,2.07,0.68,11.0,7.4,77.6,87.4,0.88,1.92,0.22,0.19,0.59,3,4,0.98,-1.61,H
Crystal Palace,Tottenham,50.6,49.4,1.98,2.05,11.5,17.9,82.9,68.4,1.64,2.14,0.34,0.33,0.33,2,4,1.0,-0.25,H
Man United,Man City,47.6,52.4,1.0,2.27,18.9,5.8,91.8,79.6,2.49,2.8,0.59,0.13,0.28,5,1,0.77,1.67,A
Arsenal,Brighton,55.3,44.7,2.76,1.15,21.1,17.9,75.5,73.2,1.5,2.2,0.28,0.28,0.44,5,5,0.85,0.55,D
Tottenham,Sheffield United,66.5,33.5,2.42,2.08,21.6,12.0,75.5,68.8,0.92,1.88,0.11,0.24,0.65,2,4,0.7,-1.41,H
Man United,Brentford,39.8,60.2,0.84,1.85,10.0,6.4,82.5,76.0,0.96,2.12,0.43,0.28,0.29,2,2,0.82,2.39,A
Wolves,Nottm Forest,57.5,42.5,0.9,2.43,17.7,17.1,87.7,72.9,2.1,0.9,0.25,0.31,0.44,1,1,1.23,2.27,H
Sheffield United,Crystal Palace,63.5,36.5,2.27,1.55,10.5,9.1,88.2,81.5,2.21,0.74,0.35,0.2,0.45,0,1,0.85,-0.56,H
Liverpool,Brentford,51.4,48.6,1.11,0.85,8.9,8.3,74.2,68.0,1.65,2.18,0.58,0.37,0.05,3,3,0.85,-0.31,D
Nottm Forest,Sheffield United,57.5,42.5,2.08,0.66,9.0,16.0,77.9,75.0,2.89,0.67,0.19,0.21,0.6,5,0,1.05,2.04,H
Liverpool,Brentford,55.8,44.2,1.91,1.36,8.4,17.3,75.3,87.6,1.15,0.73,0.2,0.16,0.64,5,4,1.22,1.28,D
Aston Villa,West Ham,46.9,53.1,0.72,1.16,15.7,11.4,73.1,68.1,0.99,2.39,0.41,0.24,0.35,0,0,0.71,0.87,A
Liverpool,Nottm Forest,63.3,36.7,1.21,1.17,14.8,13.6,73.8,80.0,1.21,2.54,0.28,0.23,0.49,2,3,0.97,-0.98,H
Aston Villa,Sheffield United,39.8,60.2,2.23,1.77,9.2,9.5,82.8,89.4,2.1,1.77,0.52,0.35,0.13,3,4,1.19,2.21,H
Sheffield United,Brighton,52.3,47.7,0.68,2.29,18.0,11.5,90.0,85.6,2.29,1.93,0.16,0.33,0.51,1,1,1.47,1.64,A
Tottenham,Arsenal,50.7,49.3,2.77,1.26,22.0,13.2,88.7,73.7,2.8,2.6,0.13,0.22,0.65,3,4,0.83,-0.76,H
Everton,Man City,61.6,38.4,1.93,1.45,13.9,10.4,75.0,80.9,2.47,2.66,0.56,0.27,0.17,0,2,1.37,1.96,H
Wolves,Aston Villa,49.5,50.5,1.62,1.64,8.5,8.6,74.9,81.4,2.33,0.59,0.54,0.2,0.26,1,0,1.25,2.14,D
Fulham,Man City,48.1,51.9,2.33,0.98,19.8,16.2,85.7,89.4,1.3,1.19,0.47,0.33,0.2,2,2,1.23,0.72,H
Liverpool,Newcastle,51.3,48.7,2.6,1.2,14.8,11.7,79.5,69.2,2.54,0.65,0.45,0.22,0.33,4,4,0.53,-1.13,H
Newcastle,Arsenal,45.5,54.5,1.55,2.32,17.9,8.6,88.5,79.1,2.2,0.78,0.12,0.21,0.67,4,3,0.68,1.92,A
Sheffield United,Burnley,48.5,51.5,0.88,2.27,18.5,14.0,77.7,76.5,1.16,1.82,0.58,0.36,0.06,5,1,1.18,-0.79,A
Wolves,Bournemouth,38.6,61.4,2.29,1.99,8.1,16.8,84.9,81.2,0.82,1.08,0.5,0.19,0.31,5,5,0.78,2.03,H
Fulham,Everton,45.6,54.4,1.57,1.79,19.5,10.2,74.0,79.3,2.26,2.44,0.29,0.29,0.42,4,2,0.8,-1.51,D
Liverpool,Brentford,67.7,32.3,1.97,2.2,11.7,14.2,89.8,74.6,1.13,2.26,0.55,0.34,0.11,4,3,1.16,1.06,H
Man City,Nottm Forest,67.9,32.1,1.1,1.22,13.4,5.5,86.2,80.6,1.22,2.17,0.21,0.26,0.53,3,5,0.86,-0.65,A
Man United,Burnley,43.4,56.6,0.72,0.58,11.6,15.5,87.3,72.0,2.3,1.27,0.14,0.21,0.65,5,2,0.92,1.99,D
Fulham,Aston Villa,55.6,44.4,1.57,0.56,8.8,13.2,83.6,81.7,1.84,0.95,0.16,0.3,0.54,4,2,0.91,1.92,H
Tottenham,Luton,67.8,32.2,1.29,2.47,20.5,17.8,74.9,87.0,1.2,0.69,0.27,0.4,0.33,2,5,0.56,0.03,H
Newcastle,Man United,55.3,44.7,0.86,2.03,18.9,6.7,80.7,77.4,1.74,1.6,0.1,0.26,0.64,5,2,1.45,2.01,D
Bournemouth,Newcastle,38.5,61.5,0.51,1.91,11.2,16.4,78.2,70.3,1.91,1.2,0.13,0.11,0.76,2,3,1.23,0.68,H
Brentford,Wolves,64.6,35.4,2.79,1.05,20.6,9.7,75.8,88.9,2.82,1.43,0.21,0.32,0.47,1,1,1.23,0.65,H
Man United,Chelsea,49.0,51.0,2.0,0.38,20.3,8.3,82.7,69.1,2.99,2.02,0.43,0.11,0.46,5,0,0.92,-0.29,H
Burnley,Aston Villa,52.2,47.8,0.85,1.83,16.8,8.9,85.2,82.6,1.39,1.89,0.17,0.35,0.48,0,4,1.22,-1.47,D
Chelsea,Luton,52.9,47.1,1.9,2.01,19.6,17.7,79.2,77.0,1.15,1.76,0.56,0.31,0.13,3,2,0.73,-1.94,D
Liverpool,Chelsea,63.1,36.9,2.04,0.63,9.3,11.7,86.5,70.2,1.36,1.03,0.59,0.19,0.22,3,0,0.6,-1.21,H
Arsenal,West Ham,48.8,51.2,2.06,1.24,9.6,16.1,89.8,68.2,1.1,1.99,0.26,0.37,0.37,4,2,1.38,-1.58,D
Brentford,Man United,41.4,58.6,1.42,1.3,19.7,14.0,81.6,77.3,2.75,0.88,0.17,0.32,0.51,1,0,0.92,0.66,D
Sheffield United,Everton,43.4,56.6,1.37,1.09,8.4,13.9,88.8,89.4,1.09,2.62,0.16,0.22,0.62,0,0,0.76,-0.59,A
Bournemouth,Sheffield United,59.7,40.3,1.02,2.4,20.2,11.7,85.8,81.6,1.75,2.17,0.34,0.3,0.36,5,3,0.65,1.72,A
Luton,Arsenal,38.3,61.7,2.65,1.41,14.6,11.4,75.3,84.5,1.51,1.26,0.24,0.25,0.51,4,5,0.88,1.68,H
Liverpool,Everton,51.3,48.7,1.82,0.49,15.0,9.1,91.6,84.4,0.84,1.43,0.12,0.26,0.62,0,4,1.46,0.87,H
Bournemouth,Burnley,44.2,55.8,2.04,2.39,13.1,5.7,76.5,78.0,2.03,1.93,0.34,0.3,0.36,5,3,0.61,1.42,A
Brighton,Man City,48.2,51.8,2.41,2.42,12.1,11.8,86.0,69.0,1.16,0.82,0.46,0.32,0.22,0,2,1.11,-1.16,H
Crystal Palace,Newcastle,51.7,48.3,2.3,1.88,9.5,10.4,90.5,86.4,2.1,2.28,0.33,0.3,0.37,4,1,1.46,-1.98,A
Arsenal,Burnley,66.1,33.9,2.43,1.36,15.1,17.0,75.5,80.7,2.41,0.8,0.29,0.28,0.43,2,4,1.38,-0.12,H
Luton,Brighton,46.2,53.8,2.72,2.44,14.3,6.7,80.3,83.4,2.45,1.19,0.45,0.36,0.19,5,5,1.44,0.85,H
Newcastle,Luton,56.7,43.3,1.17,1.06,17.4,17.8,85.0,89.1,1.91,2.1,0.26,0.13,0.61,2,4,0.98,0.57,H
Wolves,Burnley,46.6,53.4,2.45,2.08,15.3,5.3,74.9,82.7,1.24,2.23,0.18,0.19,0.63,2,1,1.34,1.11,A
West Ham,Newcastle,60.6,39.4,0.57,2.09,9.4,16.3,86.8,87.0,2.43,1.79,0.22,0.34,0.44,5,2,1.19,-1.79,A
Crystal Palace,Luton,50.5,49.5,2.31,1.81,21.5,5.7,86.9,72.5,2.71,2.48,0.32,0.17,0.51,5,5,1.21,-0.35,H
Sheffield United,Burnley,60.2,39.8,0.95,1.89,10.7,10.8,91.7,69.6,2.92,2.19,0.16,0.11,0.73,2,4,0.76,-1.28,A
Aston Villa,Man City,47.9,52.1,2.13,0.64,10.2,9.2,73.0,88.5,2.15,2.02,0.35,0.27,0.38,2,0,1.28,-0.57,H
Brighton,Man United,53.6,46.4,2.31,0.65,15.6,10.2,79.0,87.4,2.26,1.26,0.25,0.39,0.36,4,4,0.97,0.53,H
Man City,Chelsea,58.1,41.9,1.53,2.29,16.6,13.1,91.2,83.0,1.51,2.61,0.57,0.22,0.21,4,5,0.78,2.1,A
Fulham,Bournemouth,62.1,37.9,1.52,0.4,20.6,7.5,82.3,88.9,1.17,2.7,0.37,0.1,0.53,0,1,1.17,1.48,H
Wolves,Chelsea,44.2,55.8,2.41,2.23,18.4,10.7,88.3,69.6,2.31,0.55,0.46,0.11,0.43,0,0,0.68,-0.87,H
Liverpool,Sheffield United,62.6,37.4,2.6,1.2,14.3,10.3,78.3,76.6,1.06,0.51,0.46,0.12,0.42,5,4,0.55,1.82,D
Fulham,Bournemouth,41.2,58.8,2.31,0.96,9.2,14.9,80.8,76.7,2.25,1.59,0.37,0.14,0.49,3,4,0.79,0.85,H
West Ham,Fulham,66.7,33.3,0.53,2.22,10.0,5.5,83.5,76.7,2.0,0.7,0.21,0.32,0.47,5,2,0.71,2.08,D
Bournemouth,Tottenham,42.8,57.2,1.01,2.14,10.7,7.4,88.0,86.7,2.67,2.64,0.6,0.24,0.16,4,0,0.79,-1.7,A
Chelsea,Newcastle,59.8,40.2,1.62,1.03,9.8,13.5,74.0,81.6,2.78,1.23,0.33,0.28,0.39,2,5,1.08,0.54,H
Fulham,Brentford,66.8,33.2,0.89,0.99,19.0,14.3,84.8,74.1,1.59,2.06,0.27,0.24,0.49,3,2,1.27,0.19,D
Chelsea,Man United,57.4,42.6,0.69,0.92,19.6,16.6,75.9,84.1,2.18,2.17,0.55,0.35,0.1,5,0,1.31,0.61,D
Sheffield United,Newcastle,65.2,34.8,1.77,1.5,22.0,11.1,87.5,76.0,1.29,2.28,0.47,0.19,0.34,3,4,1.01,-0.21,H
Bournemouth,Man City,57.9,42.1,2.45,2.07,16.6,7.2,82.3,77.8,1.19,2.68,0.43,0.39,0.18,5,5,0.98,-0.39,A
Brighton,Nottm Forest,45.0,55.0,1.11,0.81,17.4,11.7,87.8,76.5,2.82,2.53,0.12,0.29,0.59,0,5,1.47,0.85,H
Aston Villa,Luton,55.4,44.6,1.81,1.13,13.3,12.6,90.0,69.7,1.35,2.74,0.21,0.22,0.57,2,3,1.29,1.99,D
Man City,Bournemouth,64.5,35.5,1.51,0.81,15.2,8.7,75.0,71.5,2.12,2.38,0.43,0.22,0.35,2,5,0.61,1.04,H
Nottm Forest,Newcastle,55.7,44.3,1.99,1.2,11.4,6.7,83.8,71.0,1.93,2.55,0.17,0.15,0.68,1,4,1.46,0.7,H
Sheffield United,Man City,64.4,35.6,2.17,2.11,21.3,7.8,84.1,78.4,1.86,1.0,0.31,0.14,0.55,4,1,1.12,0.3,H
Man United,Brentford,65.7,34.3,1.87,0.45,13.3,6.7,72.3,79.5,2.8,2.07,0.51,0.28,0.21,1,3,1.4,0.7,H
Burnley,Bournemouth,60.6,39.4,0.71,1.75,20.6,12.0,72.0,88.6,2.29,1.49,0.31,0.36,0.33,5,4,0.93,2.22,H
Nottm Forest,Crystal Palace,48.5,51.5,2.35,2.3,19.7,12.5,80.5,73.6,2.48,2.59,0.14,0.28,0.58,4,3,0.76,-1.98,H
Man City,Sheffield United,53.7,46.3,1.7,1.13,10.9,15.5,80.2,70.3,1.74,1.85,0.23,0.26,0.51,4,2,1.11,2.46,H
Crystal Palace,Newcastle,50.4,49.6,2.3,1.36,13.2,12.2,77.1,74.7,1.56,2.12,0.47,0.36,0.17,5,0,1.25,0.01,A
Man United,Chelsea,44.4,55.6,1.42,1.04,15.7,14.1,86.1,71.5,2.92,0.51,0.15,0.14,0.71,4,3,0.59,-0.82,D
Fulham,Liverpool,56.3,43.7,2.17,2.35,13.6,13.5,77.7,89.2,0.93,2.28,0.19,0.25,0.56,0,1,1.35,2.19,H
Bournemouth,West Ham,43.8,56.2,2.3,1.42,17.8,13.0,85.5,75.9,2.24,2.74,0.14,0.18,0.68,3,2,1.17,-0.18,A
Newcastle,Bournemouth,38.5,61.5,2.12,2.32,15.7,14.4,83.2,80.8,1.56,2.38,0.21,0.39,0.4,3,3,1.07,-0.83,D
Wolves,Bournemouth,41.2,58.8,0.67,0.95,21.3,15.4,91.1,87.3,2.59,1.82,0.45,0.39,0.16,4,3,1.27,1.41,H
Everton,Luton,64.9,35.1,2.48,1.36,11.6,10.0,87.8,72.8,2.34,2.34,0.31,0.21,0.48,4,0,1.2,-0.81,D
West Ham,Liverpool,50.0,50.0,2.22,1.05,15.8,7.3,78.3,72.8,2.06,0.92,0.47,0.38,0.15,1,3,1.24,-0.94,H
Brighton,Aston Villa,44.2,55.8,0.97,0.85,16.7,7.0,74.1,88.2,2.29,2.03,0.41,0.33,0.26,4,0,1.35,-0.33,A
Brentford,Nottm Forest,64.9,35.1,2.53,1.56,11.8,7.4,87.3,79.2,1.68,2.23,0.16,0.26,0.58,3,3,1.44,-1.85,D
Fulham,Crystal Palace,63.8,36.2,2.28,1.31,9.7,11.7,78.3,68.2,2.28,1.37,0.15,0.21,0.64,2,1,1.05,-0.93,H
Nottm Forest,Brentford,49.0,51.0,1.65,0.76,17.8,9.8,89.1,74.2,1.2,0.8,0.39,0.17,0.44,0,5,0.77,-0.94,D
Wolves,Crystal Palace,43.9,56.1,2.34,1.92,14.6,5.1,80.4,71.0,2.77,1.95,0.37,0.19,0.44,3,2,0.75,1.86,H
Arsenal,Crystal Palace,41.0,59.0,0.88,0.77,11.6,15.9,73.9,84.4,1.37,1.33,0.38,0.34,0.28,2,0,0.91,-0.42,A
Luton,Newcastle,55.3,44.7,1.99,1.48,21.7,8.7,78.5,79.2,2.5,1.53,0.14,0.28,0.58,3,5,1.46,1.91,H
Brentford,Wolves,56.9,43.1,1.81,2.17,9.0,7.1,76.6,75.0,1.44,1.12,0.42,0.18,0.4,3,2,1.25,0.34,D
Everton,Wolves,43.0,57.0,2.46,0.58,11.3,8.3,86.9,84.5,1.26,1.41,0.15,0.38,0.47,3,4,0.55,1.47,H
Bournemouth,Liverpool,41.1,58.9,1.92,0.49,21.0,10.1,76.6,84.2,1.77,0.79,0.36,0.15,0.49,0,5,0.86,2.12,D
Nottm Forest,Everton,67.2,32.8,1.74,0.9,14.2,17.6,86.0,71.9,2.11,1.95,0.42,0.27,0.31,4,5,1.14,-0.61,H
Fulham,Nottm Forest,54.2,45.8,2.35,1.27,13.1,8.4,78.1,68.0,2.59,2.45,0.27,0.24,0.49,0,5,1.42,2.26,H
Nottm Forest,West Ham,38.3,61.7,1.49,0.94,11.2,5.1,79.5,77.1,2.03,1.41,0.18,0.32,0.5,3,3,0.72,-1.64,A
Brighton,Bournemouth,60.9,39.1,2.59,2.08,17.6,8.7,86.9,85.8,1.71,2.46,0.19,0.19,0.62,5,3,1.12,-0.78,H
Luton,Nottm Forest,43.6,56.4,0.54,0.41,15.5,7.4,74.0,73.9,2.37,2.17,0.22,0.15,0.63,3,1,0.84,-0.6,D
Nottm Forest,Fulham,51.9,48.1,2.32,1.03,19.8,17.4,73.1,85.1,0.96,1.58,0.2,0.35,0.45,3,0,0.62,1.46,D
Brighton,Crystal Palace,61.1,38.9,1.52,1.92,8.5,11.0,87.4,79.5,2.96,1.59,0.44,0.19,0.37,2,1,1.13,-1.81,D
Burnley,Bournemouth,41.7,58.3,1.61,0.96,13.0,5.7,85.3,89.4,1.32,1.5,0.11,0.34,0.55,4,0,0.9,-0.91,A
Arsenal,Sheffield United,61.5,38.5,1.59,1.61,13.2,6.2,75.2,70.0,2.16,2.64,0.6,0.29,0.11,0,2,1.14,1.16,H
Chelsea,Tottenham,52.6,47.4,1.23,1.53,17.0,9.5,89.8,84.1,0.85,1.37,0.46,0.18,0.36,0,3,1.21,0.52,H
Burnley,Nottm Forest,43.7,56.3,0.93,1.06,18.3,8.6,88.6,88.1,2.02,0.66,0.18,0.19,0.63,2,4,0.87,-2.0,H
Bournemouth,Crystal Palace,60.0,40.0,2.53,1.66,13.1,13.1,78.4,69.4,2.93,2.38,0.19,0.3,0.51,4,1,1.11,-0.55,D
Brentford,Chelsea,40.9,59.1,2.02,0.4,21.1,7.3,72.6,70.4,1.22,0.57,0.42,0.22,0.36,3,4,1.12,0.66,H
Arsenal,Fulham,44.6,55.4,2.15,0.33,20.9,13.5,90.6,86.3,1.83,1.97,0.28,0.32,0.4,3,2,1.29,-1.74,A
Luton,Aston Villa,53.9,46.1,2.19,2.14,9.1,7.8,82.4,70.2,1.31,1.39,0.2,0.3,0.5,4,5,1.45,0.51,D
Burnley,Wolves,60.4,39.6,2.26,1.57,17.4,14.1,80.5,70.3,2.54,1.76,0.35,0.3,0.35,4,4,0.94,-0.41,H
Brentford,Burnley,67.7,32.3,1.25,1.12,18.7,10.6,86.5,81.4,2.04,0.99,0.48,0.38,0.14,2,2,1.46,0.01,H
Crystal Palace,Man City,59.8,40.2,2.76,1.61,15.2,17.9,78.0,74.6,1.29,2.47,0.11,0.35,0.54,5,2,1.42,0.3,D
Sheffield United,Luton,42.6,57.4,0.59,1.08,9.9,9.8,83.6,73.1,2.58,0.71,0.3,0.38,0.32,5,0,1.22,1.57,D
Man United,Nottm Forest,62.8,37.2,2.09,1.57,20.7,12.7,78.0,84.1,2.07,0.68,0.13,0.33,0.54,2,3,0.92,1.91,H
Brighton,Man City,57.0,43.0,1.95,0.42,15.3,9.2,83.3,75.2,2.34,0.85,0.44,0.4,0.16,3,4,1.08,-1.59,H
Wolves,West Ham,61.6,38.4,0.84,1.04,14.7,14.7,83.0,73.8,1.68,1.5,0.45,0.33,0.22,3,4,0.7,-0.22,H
Sheffield United,Newcastle,54.8,45.2,2.79,1.45,11.4,8.5,80.6,83.1,2.07,0.76,0.31,0.21,0.48,1,2,0.84,0.95,H
West Ham,Man United,67.6,32.4,1.92,2.48,14.2,6.9,72.9,86.0,1.24,1.36,0.48,0.36,0.16,0,5,0.55,2.27,D
Tottenham,West Ham,38.4,61.6,2.1,0.54,14.3,5.3,76.2,79.8,1.25,1.7,0.23,0.24,0.53,5,1,1.2,1.01,H
Crystal Palace,Sheffield United,65.2,34.8,1.71,0.86,8.8,7.6,85.9,74.0,1.82,2.67,0.13,0.3,0.57,5,5,0.86,-1.51,H
West Ham,Crystal Palace,44.9,55.1,1.38,2.45,9.4,9.1,89.3,79.7,1.21,1.65,0.33,0.38,0.29,0,0,0.75,0.38,D
Brentford,Nottm Forest,49.8,50.2,0.86,1.06,12.9,13.1,76.7,89.5,1.9,2.37,0.41,0.36,0.23,0,4,1.45,-0.98,H
Brentford,Crystal Palace,57.7,42.3,0.7,1.14,21.4,13.0,84.5,73.0,1.33,0.85,0.59,0.37,0.04,2,3,1.04,-1.07,D
Tottenham,Sheffield United,54.2,45.8,2.34,2.2,12.3,14.2,82.5,71.0,2.99,2.74,0.17,0.38,0.45,1,2,0.57,0.4,D
Chelsea,Man United,47.5,52.5,2.52,1.9,18.7,16.4,80.3,77.0,1.77,2.65,0.55,0.38,0.07,2,1,1.28,-1.52,D
Man United,Man City,60.9,39.1,1.91,0.89,15.9,8.0,76.6,83.1,1.59,2.08,0.34,0.25,0.41,4,3,1.21,-0.32,H
Crystal Palace,Nottm Forest,52.2,47.8,0.88,0.8,13.7,17.6,90.5,88.9,1.29,2.04,0.2,0.16,0.64,1,3,1.37,0.2,D
Brentford,Everton,64.6,35.4,1.48,2.01,16.5,15.7,86.4,76.7,2.87,1.82,0.37,0.29,0.34,5,0,1.02,0.03,D
Arsenal,Brighton,53.6,46.4,1.41,1.92,15.8,11.7,84.6,69.1,1.44,1.42,0.25,0.35,0.4,3,1,0.92,0.76,H
Arsenal,Bournemouth,65.1,34.9,1.57,1.72,9.3,11.5,75.6,80.9,2.77,1.76,0.3,0.2,0.5,0,1,0.95,2.03,H
Newcastle,Everton,40.7,59.3,1.25,1.73,18.0,7.1,86.7,70.0,2.35,1.96,0.14,0.31,0.55,5,4,1.11,-1.28,D
Burnley,Crystal Palace,39.3,60.7,0.89,1.04,20.2,16.2,75.2,71.2,2.49,0.62,0.25,0.32,0.43,3,2,1.13,-1.47,D
Tottenham,Newcastle,38.1,61.9,2.26,0.33,15.0,11.5,88.1,81.4,1.89,1.0,0.43,0.24,0.33,3,0,1.1,-1.97,D
Burnley,Aston Villa,56.6,43.4,1.78,2.12,8.7,6.9,85.1,68.8,2.68,2.03,0.52,0.19,0.29,0,0,0.61,2.47,H
Man United,West Ham,56.3,43.7,2.09,1.61,19.0,7.3,81.1,80.7,2.85,0.71,0.25,0.21,0.54,3,0,1.26,1.79,H
Liverpool,West Ham,52.1,47.9,0.78,2.19,12.6,10.4,76.2,72.6,0.93,1.81,0.59,0.26,0.15,0,3,1.22,0.72,D
West Ham,Wolves,56.3,43.7,1.23,1.46,21.9,9.6,74.6,80.4,1.94,1.95,0.35,0.15,0.5,4,1,1.21,2.41,H
Man City,Chelsea,38.7,61.3,1.94,0.56,19.9,15.4,92.0,77.1,1.53,1.79,0.42,0.1,0.48,1,5,0.78,1.56,H
West Ham,Luton,53.2,46.8,1.25,0.31,17.6,9.4,86.5,81.6,0.86,0.9,0.27,0.2,0.53,5,3,1.42,1.59,H
Tottenham,Nottm Forest,42.7,57.3,1.56,2.2,20.5,11.0,88.3,88.4,0.92,1.7,0.38,0.3,0.32,4,4,0.52,0.6,A
Brentford,Fulham,40.0,60.0,0.84,2.15,12.7,9.9,82.7,71.7,2.13,0.93,0.16,0.33,0.51,2,5,1.36,1.19,D
Aston Villa,Wolves,40.6,59.4,2.52,1.12,19.6,8.9,82.5,71.9,1.62,0.59,0.2,0.13,0.67,4,0,1.3,2.07,H
Tottenham,Newcastle,48.2,51.8,1.61,2.22,12.3,9.3,87.4,70.2,2.96,1.69,0.6,0.16,0.24,0,3,0.89,1.89,H
Chelsea,Man City,47.3,52.7,0.6,2.17,20.2,9.3,89.8,70.3,2.49,2.21,0.11,0.33,0.56,5,1,0.82,-1.13,A
Aston Villa,Burnley,47.6,52.4,1.51,0.56,10.1,8.6,72.3,81.7,1.93,0.98,0.28,0.2,0.52,1,5,1.3,0.58,H
Man United,Liverpool,47.3,52.7,2.55,1.49,8.7,5.4,90.1,69.1,1.64,0.7,0.3,0.31,0.39,4,5,1.34,1.15,H
Luton,Fulham,47.4,52.6,2.38,1.87,17.4,11.9,91.5,84.6,1.82,0.8,0.51,0.38,0.11,3,0,0.96,1.08,D
Everton,Nottm Forest,45.0,55.0,1.01,2.19,16.6,16.9,79.8,83.4,2.26,2.31,0.54,0.24,0.22,0,0,0.98,-0.42,A
Everton,Man United,46.5,53.5,1.3,1.56,15.1,10.3,86.3,70.4,2.02,0.66,0.25,0.24,0.51,4,3,0.74,-0.9,H
Man United,Nottm Forest,49.5,50.5,1.28,2.09,16.3,15.2,80.7,85.3,2.0,1.04,0.43,0.12,0.45,5,4,1.34,-1.49,D
Luton,Everton,47.8,52.2,0.72,1.28,12.3,10.3,84.0,83.1,2.11,2.39,0.26,0.29,0.45,0,0,0.72,-1.37,D
Sheffield United,Man City,60.7,39.3,2.02,1.3,12.1,13.0,80.9,72.5,2.73,1.19,0.5,0.3,0.2,3,5,1.48,-0.45,H
Liverpool,Sheffield United,38.2,61.8,2.77,1.19,9.8,8.8,79.4,80.1,0.92,2.12,0.51,0.21,0.28,2,0,0.74,1.16,D
Crystal Palace,Brentford,59.4,40.6,1.43,1.26,11.0,7.3,74.8,80.2,2.66,1.33,0.31,0.19,0.5,5,1,0.63,-1.68,A
Man City,Tottenham,59.6,40.4,1.62,1.26,21.9,6.1,84.8,77.1,1.8,2.31,0.4,0.23,0.37,1,3,1.01,0.48,H
Everton,Crystal Palace,48.7,51.3,0.93,1.63,16.1,16.0,76.7,79.0,1.7,1.76,0.28,0.39,0.33,4,3,1.2,-1.49,A
Nottm Forest,Liverpool,42.3,57.7,2.18,2.46,21.8,15.1,81.3,69.7,2.76,0.7,0.34,0.32,0.34,5,0,1.18,0.43,H
Sheffield United,West Ham,56.4,43.6,2.58,1.48,8.2,10.9,90.1,80.6,1.53,1.31,0.59,0.19,0.22,1,0,1.2,0.69,H
West Ham,Sheffield United,45.8,54.2,1.95,1.57,16.0,13.5,77.8,84.2,0.86,1.61,0.16,0.12,0.72,2,2,0.63,-0.74,A
Aston Villa,Man City,60.2,39.8,1.89,2.3,18.3,13.6,79.4,71.9,2.52,1.04,0.19,0.26,0.55,0,2,1.48,2.35,H
Luton,Tottenham,63.1,36.9,2.23,1.21,13.4,13.6,86.5,71.7,2.07,2.44,0.13,0.18,0.69,0,0,0.67,-0.21,H
West Ham,Nottm Forest,60.4,39.6,2.23,1.47,13.3,14.2,81.5,71.2,2.71,0.53,0.56,0.23,0.21,5,2,1.46,1.07,H
Arsenal,Chelsea,65.5,34.5,1.97,2.4,14.0,16.9,89.2,75.4,1.39,0.73,0.43,0.22,0.35,5,5,0.74,1.02,D
Newcastle,Bournemouth,48.1,51.9,2.09,0.7,15.7,13.7,88.6,68.3,1.01,0.74,0.32,0.17,0.51,2,2,0.69,-1.89,H
Liverpool,Arsenal,66.2,33.8,2.01,2.14,21.3,13.3,86.2,70.6,2.68,0.8,0.43,0.37,0.2,4,1,1.4,1.13,H
Aston Villa,West Ham,52.0,48.0,2.65,1.71,20.9,8.6,80.5,87.9,2.49,1.24,0.18,0.12,0.7,0,3,0.89,2.48,H
Aston Villa,Luton,43.3,56.7,0.66,2.45,10.8,10.1,84.9,70.4,1.99,1.49,0.41,0.13,0.46,3,5,0.76,-1.84,A
Liverpool,Sheffield United,59.8,40.2,2.29,0.34,15.0,13.5,72.0,68.8,1.66,0.85,0.26,0.22,0.52,0,4,1.21,1.47,H
Nottm Forest,Wolves,50.1,49.9,2.17,2.09,9.0,7.9,79.7,83.2,2.52,0.78,0.37,0.4,0.23,2,5,0.8,-1.75,A
Liverpool,Fulham,54.0,46.0,2.71,0.48,14.4,15.0,85.0,71.9,0.89,1.38,0.2,0.31,0.49,0,5,1.19,0.19,D
Everton,Newcastle,42.2,57.8,0.94,1.88,16.3,11.4,73.3,79.9,1.48,1.73,0.52,0.23,0.25,0,0,0.84,-0.48,A
Arsenal,Crystal Palace,41.5,58.5,2.36,1.77,14.4,13.8,89.5,71.3,2.07,2.63,0.12,0.14,0.74,5,0,0.97,2.13,D
Arsenal,Brighton,59.0,41.0,0.8,0.68,8.7,9.0,87.9,78.0,1.18,1.86,0.51,0.13,0.36,3,4,1.3,-1.01,D
Newcastle,Wolves,48.1,51.9,2.42,1.92,13.6,6.6,85.7,80.0,1.51,2.72,0.21,0.11,0.68,1,2,0.56,-0.77,H
Wolves,Man United,58.9,41.1,1.77,1.27,21.0,5.5,74.0,86.6,2.15,2.29,0.11,0.25,0.64,0,0,0.68,-1.6,H
Sheffield United,West Ham,50.5,49.5,2.36,2.0,17.7,7.7,84.8,79.5,1.71,2.66,0.41,0.11,0.48,1,5,1.0,2.28,H
West Ham,Fulham,50.6,49.4,1.78,0.72,21.8,17.7,84.4,87.0,2.97,1.67,0.33,0.29,0.38,1,2,0.55,-1.49,H
Tottenham,Nottm Forest,52.9,47.1,0.87,2.33,8.8,9.7,76.2,73.5,2.16,2.55,0.33,0.13,0.54,0,4,0.68,1.53,A
Nottm Forest,Bournemouth,41.5,58.5,2.56,1.89,16.3,9.2,76.0,82.9,1.52,2.29,0.26,0.13,0.61,5,3,1.37,-0.31,D
Brighton,Liverpool,52.1,47.9,1.61,2.26,10.0,17.1,81.1,76.5,1.1,2.16,0.42,0.39,0.19,1,2,0.63,1.11,A
Arsenal,Aston Villa,42.1,57.9,2.46,1.31,10.4,9.5,89.7,81.3,2.54,1.97,0.41,0.15,0.44,4,1,0.59,1.86,H
Nottm Forest,Newcastle,55.7,44.3,2.43,0.91,18.2,14.6,76.9,75.2,2.07,2.55,0.4,0.14,0.46,4,0,0.92,-1.8,D
Nottm Forest,Bournemouth,39.0,61.0,1.72,1.35,19.2,15.7,81.0,73.3,2.03,0.53,0.47,0.38,0.15,1,2,0.8,0.91,H
Liverpool,Man City,52.4,47.6,1.2,1.85,20.0,14.7,72.5,78.0,2.5,2.51,0.3,0.34,0.36,2,5,0.96,0.85,H
Liverpool,Crystal Palace,64.8,35.2,1.27,0.37,14.0,8.5,90.9,79.9,2.55,2.31,0.14,0.36,0.5,5,0,1.01,2.1,H
Fulham,Arsenal,41.3,58.7,1.34,1.66,13.1,7.3,83.2,69.5,2.36,0.97,0.59,0.17,0.24,0,5,0.98,2.23,H
Sheffield United,Newcastle,60.6,39.4,2.25,1.01,20.6,11.5,80.5,69.2,1.62,1.54,0.35,0.35,0.3,3,5,1.03,1.71,H
West Ham,Everton,56.6,43.4,2.34,2.38,19.3,17.2,73.3,87.6,1.81,0.68,0.55,0.19,0.26,0,0,0.66,-1.5,D
Tottenham,Nottm Forest,42.5,57.5,0.97,2.39,8.3,10.4,85.6,88.5,1.84,1.47,0.47,0.11,0.42,1,0,0.52,1.61,A
Bournemouth,Brentford,50.4,49.6,1.29,1.72,12.6,12.7,85.9,86.5,1.78,1.2,0.17,0.34,0.49,1,2,0.73,-0.33,D
West Ham,Arsenal,42.5,57.5,1.15,2.4,16.7,7.1,82.7,72.0,1.19,2.13,0.55,0.34,0.11,1,1,0.62,2.47,A
Sheffield United,Tottenham,51.2,48.8,1.35,0.75,17.9,13.7,91.6,71.3,1.79,2.74,0.37,0.14,0.49,0,3,1.43,1.46,D
Everton,Brentford,42.7,57.3,2.73,1.5,15.1,13.4,77.9,87.7,2.93,2.23,0.6,0.3,0.1,4,5,1.41,-0.01,H
Chelsea,Nottm Forest,65.0,35.0,0.82,1.51,12.3,10.2,88.8,77.8,1.0,0.63,0.42,0.28,0.3,1,2,0.7,-1.62,H
Everton,Liverpool,67.3,32.7,1.41,1.38,16.4,11.7,73.1,82.7,1.67,2.15,0.31,0.22,0.47,0,2,0.84,-0.61,H
Everton,Burnley,40.6,59.4,2.17,1.28,21.9,15.4,77.8,85.7,2.93,1.47,0.55,0.14,0.31,4,4,0.59,-1.06,H
Nottm Forest,Bournemouth,67.6,32.4,0.65,2.41,18.6,6.1,80.2,88.1,1.71,1.78,0.46,0.33,0.21,1,1,0.69,-0.28,H
Burnley,Nottm Forest,39.3,60.7,2.4,2.14,12.3,12.3,81.3,68.6,0.81,1.1,0.58,0.35,0.07,3,0,1.15,2.02,A
Wolves,Man United,52.8,47.2,2.08,0.84,9.7,8.6,91.9,69.5,2.44,1.84,0.38,0.36,0.26,5,5,0.98,1.12,H
Chelsea,Fulham,53.4,46.6,1.82,2.16,10.3,5.8,78.4,87.3,1.1,0.88,0.24,0.23,0.53,2,0,0.79,0.38,D
Liverpool,Bournemouth,43.8,56.2,1.94,1.98,16.4,7.2,78.5,75.0,2.66,2.34,0.24,0.31,0.45,2,0,1.03,-0.42,H
Tottenham,Man City,42.1,57.9,1.15,2.01,13.8,17.0,75.3,72.8,1.91,2.41,0.5,0.27,0.23,5,4,1.35,1.21,A
Chelsea,Wolves,51.8,48.2,0.68,2.1,20.9,11.2,78.2,76.0,2.6,2.55,0.4,0.33,0.27,2,1,1.21,-1.87,A
Chelsea,Brighton,41.9,58.1,2.1,1.81,12.3,7.7,91.6,77.3,2.48,0.76,0.11,0.25,0.64,3,0,0.7,-1.85,A
Bournemouth,Sheffield United,39.8,60.2,0.77,0.86,8.9,13.7,87.1,85.2,2.82,0.97,0.55,0.16,0.29,2,0,0.59,1.81,A
Aston Villa,Sheffield United,48.4,51.6,0.87,1.4,18.2,8.1,83.4,70.2,2.07,0.53,0.21,0.16,0.63,2,1,1.4,0.42,D
Chelsea,Newcastle,65.6,34.4,2.46,1.34,17.8,7.4,85.5,70.4,2.64,2.76,0.31,0.25,0.44,3,0,1.26,-0.59,D
Everton,Chelsea,53.6,46.4,1.64,1.09,12.0,14.4,73.6,78.9,1.65,1.55,0.47,0.31,0.22,3,1,1.05,-0.69,D
Wolves,Newcastle,63.7,36.3,2.56,2.07,21.1,9.8,72.3,82.8,2.28,1.41,0.36,0.3,0.34,0,1,0.89,1.13,H
Chelsea,Man United,39.9,60.1,2.74,1.04,16.3,17.9,74.5,86.4,2.4,1.14,0.46,0.27,0.27,2,5,1.44,-0.4,H
Luton,Crystal Palace,67.6,32.4,1.68,0.62,14.4,6.6,81.8,73.1,2.87,0.57,0.47,0.35,0.18,3,5,0.53,-1.19,H
Luton,Brentford,42.6,57.4,1.93,0.51,9.1,14.8,87.4,85.4,1.24,2.02,0.35,0.18,0.47,2,4,1.05,2.29,D
Arsenal,Wolves,64.4,35.6,0.77,1.29,19.9,10.8,72.7,71.9,2.25,2.29,0.54,0.15,0.31,3,1,0.81,-0.25,A
Chelsea,Sheffield United,58.3,41.7,2.02,1.81,16.0,11.2,89.1,79.1,1.66,1.64,0.59,0.29,0.12,2,2,0.82,-1.87,H
Arsenal,Tottenham,63.1,36.9,1.3,1.93,8.4,16.6,78.8,70.1,1.56,1.32,0.28,0.3,0.42,1,1,1.15,0.67,A
Liverpool,West Ham,41.4,58.6,0.89,1.48,8.5,13.6,80.4,79.3,1.73,0.55,0.33,0.11,0.56,2,3,1.07,-0.55,H
Chelsea,Nottm Forest,41.0,59.0,2.05,1.04,15.0,14.9,78.8,81.5,1.6,1.5,0.35,0.35,0.3,0,4,0.71,-0.81,H
West Ham,Sheffield United,50.1,49.9,1.02,1.93,9.3,16.0,73.9,75.4,0.95,2.34,0.34,0.16,0.5,0,5,1.32,0.27,A
West Ham,Wolves,57.9,42.1,1.22,1.21,11.5,11.7,85.4,80.0,2.74,1.94,0.36,0.16,0.48,3,1,1.16,1.71,A
Everton,Aston Villa,66.1,33.9,1.73,1.65,18.8,10.6,83.3,81.8,1.95,1.34,0.17,0.15,0.68,5,2,1.34,-0.15,H
Liverpool,Newcastle,63.4,36.6,1.11,0.93,10.2,13.9,76.7,73.2,1.13,0.56,0.5,0.19,0.31,3,4,1.49,-0.1,H
Arsenal,Newcastle,42.8,57.2,0.81,0.87,19.2,13.6,75.5,86.8,2.92,1.62,0.11,0.36,0.53,0,2,1.1,1.9,H
Wolves,Fulham,58.2,41.8,2.54,1.17,19.8,16.0,76.7,80.6,1.9,0.78,0.43,0.27,0.3,4,2,1.0,-1.59,D
Luton,Chelsea,61.2,38.8,1.22,2.13,18.3,15.5,86.9,88.6,1.28,0.75,0.21,0.18,0.61,3,2,1.36,-1.75,A
Burnley,Fulham,59.0,41.0,0.76,1.5,14.6,8.2,77.6,85.3,1.12,1.59,0.28,0.19,0.53,5,4,0.53,1.33,D
Arsenal,Brighton,45.6,54.4,1.38,1.71,17.8,16.7,85.7,79.8,1.32,1.52,0.1,0.39,0.51,2,2,0.59,1.7,D
Brighton,West Ham,44.3,55.7,2.55,2.31,16.8,16.4,87.3,76.9,0.87,2.49,0.51,0.38,0.11,3,5,0.91,1.79,D
Wolves,Chelsea,62.7,37.3,2.11,1.41,12.9,12.8,88.3,84.2,1.8,0.56,0.13,0.29,0.58,5,3,1.29,-1.39,H
Crystal Palace,Newcastle,56.8,43.2,1.22,0.48,10.2,11.7,91.4,86.3,2.48,2.45,0.44,0.34,0.22,2,3,0.98,1.31,D
Aston Villa,Man United,58.6,41.4,2.4,2.06,10.8,10.4,75.6,87.3,2.88,2.53,0.21,0.38,0.41,4,5,1.11,-0.97,D
Liverpool,Everton,43.9,56.1,2.11,0.67,13.6,10.6,77.2,70.0,1.61,2.68,0.16,0.32,0.52,3,3,1.33,0.22,D
Brighton,Newcastle,43.7,56.3,2.48,2.02,12.0,11.4,74.6,86.8,2.12,2.79,0.24,0.3,0.46,3,1,0.91,-1.34,D
West Ham,Aston Villa,45.1,54.9,1.54,0.85,16.2,13.4,73.7,78.3,2.72,2.74,0.3,0.16,0.54,3,5,0.92,0.69,H
Liverpool,Chelsea,54.7,45.3,0.62,2.35,14.6,9.6,84.1,82.8,2.56,2.13,0.5,0.1,0.4,4,4,0.88,2.4,A
Fulham,Tottenham,67.0,33.0,1.79,1.58,11.6,11.5,90.6,87.3,1.09,1.23,0.37,0.14,0.49,0,2,0.54,-1.42,A
Aston Villa,Fulham,65.8,34.2,1.15,2.23,16.6,14.9,77.3,74.9,2.76,1.23,0.6,0.33,0.07,1,4,1.35,0.96,H
Everton,Arsenal,43.7,56.3,0.63,0.7,14.6,7.1,81.3,70.6,2.77,1.64,0.32,0.4,0.28,4,3,0.96,-1.49,D
Tottenham,Chelsea,48.5,51.5,0.97,0.93,19.7,14.7,88.5,80.4,2.26,0.99,0.6,0.1,0.3,4,1,0.92,-1.65,A
Nottm Forest,Chelsea,64.6,35.4,0.56,1.8,17.5,10.1,83.8,88.9,2.64,0.85,0.14,0.35,0.51,5,3,0.95,2.3,H
Luton,Man City,47.9,52.1,0.6,1.67,14.3,17.3,92.0,88.0,2.55,0.8,0.53,0.34,0.13,2,2,1.3,1.35,D
Burnley,Crystal Palace,40.8,59.2,1.09,0.83,18.8,10.2,72.4,72.6,1.65,1.43,0.42,0.39,0.19,1,0,0.8,1.6,H
West Ham,Tottenham,48.8,51.2,0.72,1.11,10.8,10.8,79.8,73.9,2.12,0.71,0.31,0.21,0.48,1,3,1.13,-1.58,D
Bournemouth,Brentford,67.2,32.8,2.06,1.72,18.0,17.1,82.5,82.2,0.98,1.58,0.14,0.34,0.52,2,1,1.48,1.08,H
West Ham,Brighton,53.7,46.3,1.18,0.41,9.1,5.6,74.2,77.3,1.01,2.02,0.38,0.18,0.44,2,4,0.58,0.27,H
Chelsea,Everton,43.4,56.6,0.92,1.16,9.2,16.4,78.0,80.9,1.8,2.04,0.41,0.18,0.41,1,1,0.69,1.36,D
Luton,Aston Villa,64.1,35.9,0.74,1.48,8.1,6.5,75.4,78.5,2.32,2.5,0.58,0.28,0.14,3,2,1.12,2.38,H
Fulham,Crystal Palace,62.1,37.9,0.7,0.6,10.7,15.6,85.9,72.1,0.86,1.61,0.17,0.17,0.66,5,4,0.69,-0.65,H
Everton,Tottenham,52.2,47.8,0.55,0.67,10.1,14.1,91.3,78.4,2.69,1.85,0.2,0.27,0.53,3,0,0.83,-1.54,H
Wolves,Luton,63.5,36.5,2.2,1.61,15.8,8.8,81.7,78.7,2.1,1.91,0.44,0.35,0.21,3,1,1.21,0.38,D
Wolves,Sheffield United,47.5,52.5,0.65,2.26,13.8,11.2,81.9,88.7,1.56,2.1,0.11,0.19,0.7,1,3,0.84,-0.96,D
Brighton,Sheffield United,65.3,34.7,1.28,1.62,19.8,13.5,74.6,74.5,2.37,2.71,0.52,0.3,0.18,5,2,1.3,1.6,H
Man United,Newcastle,46.5,53.5,2.22,1.77,9.8,7.6,84.1,70.2,1.72,2.79,0.25,0.16,0.59,0,0,0.86,-0.83,A
Man United,Luton,62.8,37.2,2.56,0.37,8.9,10.6,84.4,70.7,1.29,1.09,0.27,0.21,0.52,0,4,0.77,-1.32,H
Bournemouth,Chelsea,59.2,40.8,2.63,1.26,14.4,15.9,74.2,70.3,2.14,2.3,0.57,0.35,0.08,0,4,0.61,0.83,D
Newcastle,Fulham,42.7,57.3,1.17,1.27,15.1,14.5,74.0,82.2,1.54,0.82,0.52,0.23,0.25,3,0,0.75,1.64,D
Brentford,West Ham,53.2,46.8,0.7,1.12,18.6,9.7,85.3,71.3,2.46,1.47,0.21,0.34,0.45,3,3,1.4,2.28,H
Bournemouth,Fulham,66.3,33.7,1.52,1.99,18.0,11.7,73.4,75.4,1.68,2.28,0.32,0.22,0.46,0,5,1.42,-1.32,H
Sheffield United,Arsenal,67.3,32.7,2.75,2.06,20.3,17.6,80.4,87.5,2.34,2.51,0.46,0.19,0.35,2,0,1.33,2.05,H
Luton,Tottenham,59.0,41.0,1.53,0.75,15.6,15.2,85.0,83.3,2.75,2.3,0.3,0.16,0.54,2,0,0.54,-0.49,H
Tottenham,Bournemouth,67.8,32.2,1.15,0.5,15.7,11.8,87.1,71.5,0.86,2.33,0.4,0.17,0.43,2,5,0.92,0.27,D
Arsenal,Fulham,45.8,54.2,1.67,0.57,18.6,17.2,81.0,80.6,0.81,1.28,0.22,0.32,0.46,4,4,1.21,2.22,A
Burnley,Brighton,48.5,51.5,1.15,2.03,18.0,13.7,86.3,79.4,1.34,1.25,0.39,0.35,0.26,2,3,0.6,1.2,D
Wolves,Liverpool,40.8,59.2,1.48,0.59,11.0,6.0,85.5,76.9,2.03,2.29,0.54,0.28,0.18,5,3,1.5,1.1,H
Nottm Forest,Wolves,62.7,37.3,0.83,0.58,18.0,6.7,86.1,87.0,1.06,0.99,0.34,0.32,0.34,4,2,1.42,-1.47,D
Wolves,Chelsea,41.6,58.4,1.82,0.39,10.1,9.8,91.8,74.7,1.87,2.32,0.17,0.28,0.55,0,2,1.39,-1.03,A
Nottm Forest,Man City,41.7,58.3,1.3,2.21,13.8,12.4,83.3,87.8,2.52,1.59,0.46,0.28,0.26,1,4,1.14,1.43,D
Everton,Tottenham,64.0,36.0,1.25,2.06,17.3,10.3,76.7,76.7,1.99,2.7,0.55,0.32,0.13,5,0,1.37,1.18,A
Sheffield United,West Ham,54.8,45.2,0.78,1.53,10.7,13.0,83.5,69.2,2.05,0.94,0.34,0.37,0.29,0,5,1.44,-1.19,H
Man City,Aston Villa,61.6,38.4,1.06,1.85,20.4,10.8,88.1,81.4,1.68,0.6,0.53,0.11,0.36,3,1,0.91,1.87,H
Brentford,Crystal Palace,45.7,54.3,0.76,0.52,10.4,6.9,77.1,70.0,1.47,1.44,0.18,0.28,0.54,2,1,0.53,-1.74,A
Crystal Palace,Chelsea,47.6,52.4,1.45,1.01,13.3,15.8,74.4,72.5,2.45,1.85,0.35,0.33,0.32,3,0,0.77,-0.57,D
Burnley,Wolves,40.0,60.0,0.57,1.69,20.8,5.2,83.1,80.9,1.02,2.25,0.43,0.14,0.43,4,3,0.95,1.81,A
Bournemouth,Newcastle,61.5,38.5,0.83,1.49,10.4,8.2,91.1,89.1,2.02,0.6,0.51,0.39,0.1,4,2,1.15,-1.25,D
Arsenal,Nottm Forest,46.2,53.8,1.08,1.8,22.0,16.0,76.3,86.5,1.42,0.87,0.37,0.12,0.51,0,3,1.2,1.74,H
Burnley,Aston Villa,64.3,35.7,0.98,1.41,19.2,16.5,90.9,82.0,2.96,2.13,0.24,0.3,0.46,2,2,0.71,2.32,D
Brentford,Man City,65.4,34.6,0.81,2.33,16.5,5.1,72.2,71.8,2.02,2.1,0.34,0.22,0.44,0,5,1.15,0.42,H
Everton,Chelsea,48.6,51.4,2.37,2.12,13.0,7.3,87.4,83.3,0.82,1.56,0.57,0.23,0.2,1,5,0.52,-0.73,D
Fulham,Newcastle,40.7,59.3,1.91,0.97,18.0,8.0,81.9,76.0,1.42,2.58,0.45,0.16,0.39,1,5,0.9,1.91,D
Sheffield United,Bournemouth,52.8,47.2,1.77,1.75,15.9,13.9,83.3,69.4,1.08,0.65,0.23,0.27,0.5,1,4,1.23,-0.77,D
Man City,Burnley,56.4,43.6,2.07,2.24,8.0,10.6,85.5,82.3,2.68,1.24,0.52,0.22,0.26,0,5,1.02,0.23,D
Bournemouth,Arsenal,64.5,35.5,1.02,0.91,13.9,10.8,72.1,72.3,0.98,1.82,0.11,0.32,0.57,5,3,1.46,2.13,D
Newcastle,Man United,47.9,52.1,0.64,1.68,8.4,10.6,72.5,85.5,2.86,2.43,0.22,0.24,0.54,2,0,1.32,0.34,A
Brighton,Liverpool,61.3,38.7,1.93,1.98,16.8,12.5,73.7,69.3,0.87,1.22,0.52,0.12,0.36,1,0,1.42,-0.01,H
West Ham,Wolves,40.0,60.0,2.06,1.53,12.1,10.0,73.9,84.5,1.31,1.88,0.43,0.1,0.47,3,3,1.3,1.96,D
Luton,Chelsea,48.2,51.8,2.66,2.02,14.4,9.3,75.8,70.3,2.11,0.66,0.49,0.16,0.35,4,1,1.14,-0.85,D
Wolves,Nottm Forest,59.7,40.3,1.52,0.83,19.2,5.8,78.2,77.6,2.91,2.24,0.26,0.37,0.37,1,1,0.97,0.71,H
West Ham,Fulham,67.1,32.9,1.69,1.75,10.0,8.1,88.4,80.3,0.92,1.29,0.59,0.29,0.12,1,0,0.84,1.01,D
Everton,Brentford,63.6,36.4,1.8,1.04,12.2,9.3,74.1,87.3,2.8,1.64,0.56,0.29,0.15,5,1,0.97,-1.04,H
Nottm Forest,Brentford,62.2,37.8,1.36,1.18,19.6,5.1,72.2,75.9,2.02,0.83,0.32,0.29,0.39,2,0,1.48,-1.1,H
West Ham,Man United,44.6,55.4,1.1,0.68,19.9,8.2,75.9,71.9,1.38,0.73,0.52,0.14,0.34,5,0,0.84,-1.05,D
Everton,Brighton,49.1,50.9,1.36,0.68,15.4,15.4,84.5,77.5,2.36,0.77,0.54,0.14,0.32,1,1,1.03,1.12,H
Brentford,Wolves,67.3,32.7,1.06,0.4,16.6,7.5,82.7,85.4,1.52,0.62,0.5,0.36,0.14,4,4,1.39,-1.06,H
Liverpool,Nottm Forest,61.7,38.3,1.91,0.67,13.4,16.5,87.0,76.2,1.94,0.91,0.46,0.26,0.28,3,5,1.46,0.13,H
Sheffield United,Crystal Palace,57.1,42.9,2.32,1.73,10.9,16.6,81.0,73.2,1.28,1.48,0.29,0.15,0.56,2,2,1.05,-1.4,A
Liverpool,West Ham,51.3,48.7,1.31,1.58,14.5,13.1,80.5,78.3,1.7,2.35,0.26,0.21,0.53,1,3,0.73,0.9,A
Fulham,Liverpool,46.8,53.2,1.65,1.5,9.1,8.6,76.6,70.6,1.59,1.76,0.27,0.3,0.43,2,2,1.25,1.46,H
Aston Villa,Newcastle,59.2,40.8,2.8,2.5,18.5,14.6,90.2,68.2,1.46,2.39,0.49,0.22,0.29,3,4,1.26,-1.95,H
Bournemouth,Tottenham,64.0,36.0,1.02,1.89,10.9,8.0,83.7,80.2,1.83,2.37,0.27,0.13,0.6,1,3,1.27,1.14,D
Newcastle,Everton,51.5,48.5,1.78,1.12,16.1,6.7,90.9,68.2,2.58,2.42,0.27,0.23,0.5,5,3,1.26,1.11,H
West Ham,Brentford,55.6,44.4,1.81,0.37,9.9,17.7,91.9,80.5,2.56,2.6,0.39,0.22,0.39,3,1,1.45,-1.71,H
Crystal Palace,Newcastle,52.2,47.8,1.26,2.42,16.9,9.0,75.4,82.8,1.19,2.4,0.4,0.11,0.49,1,0,1.41,-0.26,H
Newcastle,Brighton,46.7,53.3,1.71,1.3,13.2,5.1,78.5,88.0,1.66,2.78,0.16,0.23,0.61,5,0,0.89,2.07,H
Newcastle,Tottenham,64.1,35.9,1.21,2.1,17.3,7.1,83.5,74.8,1.25,2.15,0.33,0.16,0.51,1,3,0.56,-0.2,D
Brighton,Bournemouth,47.9,52.1,1.81,1.38,14.5,5.5,73.8,82.2,2.82,1.3,0.52,0.34,0.14,3,4,1.32,1.82,D
Wolves,Brighton,43.4,56.6,1.92,1.25,13.4,13.6,86.0,70.1,2.34,0.6,0.54,0.15,0.31,5,4,0.79,2.12,D
Newcastle,Nottm Forest,50.3,49.7,2.25,0.57,13.2,14.8,82.1,85.1,1.7,0.88,0.2,0.11,0.69,0,0,1.14,1.04,H
Everton,Crystal Palace,48.3,51.7,1.42,0.73,8.5,8.3,86.2,71.0,2.27,1.57,0.33,0.12,0.55,5,1,1.21,-0.03,D
Nottm Forest,Aston Villa,63.2,36.8,0.89,0.34,9.4,8.8,82.7,76.6,0.97,2.26,0.44,0.15,0.41,2,1,0.72,-1.84,A
Burnley,Newcastle,51.3,48.7,0.61,1.7,15.3,13.6,85.2,70.3,2.32,1.52,0.4,0.11,0.49,3,1,1.43,-0.31,A
Brighton,Newcastle,40.7,59.3,1.47,2.48,12.7,7.5,85.4,72.9,2.74,2.33,0.52,0.15,0.33,1,0,0.92,-1.52,A
Brentford,Luton,54.9,45.1,0.94,0.76,15.6,17.2,74.4,72.7,1.58,0.9,0.3,0.19,0.51,3,1,0.96,-1.7,H
Aston Villa,Fulham,39.3,60.7,2.54,1.2,18.7,11.5,91.8,83.7,2.54,2.62,0.38,0.18,0.44,0,4,0.82,0.84,H
Crystal Palace,Tottenham,48.0,52.0,1.96,2.24,12.5,16.1,81.6,75.4,2.14,1.85,0.29,0.29,0.42,1,4,1.09,2.45,H
Brighton,Man City,56.5,43.5,2.56,0.98,18.3,14.8,84.4,69.3,1.62,1.18,0.18,0.16,0.66,0,1,1.42,0.69,H
Everton,Brentford,42.0,58.0,1.23,2.03,8.6,15.3,80.3,85.9,2.45,1.03,0.47,0.2,0.33,1,4,0.55,2.13,D
Brighton,Luton,56.2,43.8,1.38,1.01,14.2,5.1,89.4,69.5,1.22,1.96,0.17,0.16,0.67,0,1,1.09,1.74,D
Newcastle,Brighton,53.2,46.8,1.48,1.33,10.3,7.6,80.5,81.3,1.47,1.83,0.58,0.16,0.26,3,0,1.45,-0.38,H
Crystal Palace,Man United,52.1,47.9,1.47,1.64,14.1,7.0,91.1,78.6,2.48,1.48,0.14,0.37,0.49,2,4,1.04,0.49,H
Man United,Aston Villa,49.4,50.6,1.2,0.92,15.9,11.3,78.7,83.7,1.23,2.61,0.1,0.36,0.54,5,5,0.87,-0.18,A
Wolves,Crystal Palace,67.1,32.9,1.36,1.38,17.0,12.6,80.2,68.9,2.83,1.39,0.38,0.16,0.46,3,2,1.27,1.38,H
Fulham,Bournemouth,59.3,40.7,1.96,1.11,8.8,10.0,80.5,73.4,1.85,2.62,0.28,0.31,0.41,0,5,1.17,-1.33,D
Luton,Everton,66.3,33.7,0.84,0.84,16.1,13.6,75.2,70.6,1.0,2.14,0.29,0.31,0.4,0,4,1.41,1.94,D
